time,open,high,low,close,Kernel Regression Estimate,Distance Above Kernel,Distance Below Kernel,Buy,Sell,StopBuy,StopSell,Upper Envelope: Far,Upper Envelope: Average,Upper Envelope: Near,Envelope Midline,Lower Envelope: Near,Lower Envelope: Average,Lower Envelope: Far,Chars,Chars,Chars,Chars,Shapes,Shapes,Volume
2026-02-24T04:40:00+08:00,24727.25,24734.75,24711,24730.75,24711.81698,,,,,,,24939.32021,24846.89702,24754.47384,24711.81698,24669.16013,24576.73694,24484.31375,0,0,0,0,,,2943
2026-02-24T04:45:00+08:00,24730.5,24744.75,24718.25,24742.75,24714.74771,,,,,,,24941.71003,24849.50659,24757.30315,24714.74771,24672.19227,24579.98883,24487.78539,0,0,0,0,,,3238
2026-02-24T04:50:00+08:00,24742.75,24760,24714.75,24717.25,24715.36187,,,,,,,24942.06207,24849.96511,24757.86816,24715.36187,24672.85558,24580.75862,24488.66167,0,0,0,0,,,8935
2026-02-24T04:55:00+08:00,24718,24772.75,24710.75,24768,24720.57388,,,,,,,24947.48249,24855.30087,24763.11925,24720.57388,24678.02852,24585.8469,24493.66528,0,0,0,0,,,18117
2026-02-24T05:00:00+08:00,24768.5,24781.5,24758,24778.25,24726.59666,,,,,,,24953.69884,24861.43858,24769.17832,24726.59666,24684.015,24591.75474,24499.49448,0,0,0,0,,,7920
2026-02-24T05:05:00+08:00,24778,24782.75,24770.75,24779,24732.52948,,,,,,,24959.65497,24867.38524,24775.11551,24732.52948,24689.94345,24597.67372,24505.404,0,0,0,0,,,1849
2026-02-24T05:10:00+08:00,24779,24786.75,24775.75,24781.5,24738.42936,,,,,,,24965.38829,24873.18623,24780.98416,24738.42936,24695.87456,24603.67249,24511.47042,0,0,0,0,,,1816
2026-02-24T05:15:00+08:00,24781.75,24781.75,24770,24773.25,24743.20412,,,,,,,24969.81553,24877.75464,24785.69376,24743.20412,24700.71448,24608.6536,24516.59271,0,0,0,0,,,886
2026-02-24T05:20:00+08:00,24773.5,24783.5,24772.75,24779,24748.07697,,,,,,,24974.14772,24882.30648,24790.46524,24748.07697,24705.68871,24613.84747,24522.00623,0,0,0,0,,,574
2026-02-24T05:25:00+08:00,24779.25,24780.75,24776.5,24779.5,24752.56365,,,,,,,24977.8276,24886.31412,24794.80064,24752.56365,24710.32666,24618.81318,24527.29969,0,0,0,0,,,316
2026-02-24T05:30:00+08:00,24779.25,24791.25,24778.5,24785.25,24757.14155,,,,,,,24981.44593,24890.32228,24799.19862,24757.14155,24715.08448,24623.96083,24532.83717,0,0,0,0,,,668
2026-02-24T05:35:00+08:00,24785.5,24786,24778.25,24778.25,24760.62664,,,,,,,24983.77302,24893.1198,24802.46659,24760.62664,24718.7867,24628.13348,24537.48027,0,0,0,0,,,245
2026-02-24T05:40:00+08:00,24779,24784.5,24778.25,24784.5,24764.26321,,,,,,,24986.04756,24895.94767,24805.84777,24764.26321,24722.67864,24632.57875,24542.47886,0,0,0,0,,,266
2026-02-24T05:45:00+08:00,24784.75,24785,24777,24781,24767.1526,,,,,,,24987.41387,24897.93273,24808.45159,24767.1526,24725.85361,24636.37246,24546.89132,0,0,0,0,,,514
2026-02-24T05:50:00+08:00,24781,24788.25,24779,24787.75,24770.26195,,,,,,,24988.87465,24900.06324,24811.25183,24770.26195,24729.27206,24640.46065,24551.64924,0,0,0,0,,,421
2026-02-24T05:55:00+08:00,24787.75,24796.5,24782,24786.25,24772.87388,,,,,,,24989.79382,24901.6701,24813.54637,24772.87388,24732.20139,24644.07766,24555.95394,0,0,0,0,,,659
2026-02-24T07:00:00+08:00,24788,24803.5,24776.25,24784,24774.91929,,,,,,,24990.27617,24902.78744,24815.29871,24774.91929,24734.53988,24647.05115,24559.56242,0,0,0,0,,,1027
2026-02-24T07:05:00+08:00,24781.75,24813.5,24767,24804.25,24778.5144,,,,,,,24992.68367,24905.67741,24818.67114,24778.5144,24738.35766,24651.35139,24564.34512,0,0,0,0,,,1104
2026-02-24T07:10:00+08:00,24807.75,24815,24794.5,24795.75,24781.04543,,,,,,,24994.08617,24907.53837,24820.99057,24781.04543,24741.1003,24654.5525,24568.0047,0,0,0,0,,,410
2026-02-24T07:15:00+08:00,24798.75,24804,24784.25,24790.5,24782.80522,,,,,,,24994.77097,24908.65988,24822.54879,24782.80522,24743.06164,24656.95055,24570.83947,0,0,0,0,,,426
2026-02-24T07:20:00+08:00,24791,24798,24785,24794.5,24784.68286,,,,,,,24995.54336,24909.88128,24824.2192,24784.68286,24745.14651,24659.48443,24573.82236,0,0,0,0,,,342
2026-02-24T07:25:00+08:00,24794.5,24806.75,24788.5,24806.75,24787.4467,,,,,,,24997.23537,24912.00872,24826.78208,24787.4467,24748.11132,24662.88468,24577.65803,0,0,0,0,,,377
2026-02-24T07:30:00+08:00,24805.75,24826.75,24802.5,24819,24791.08813,,,,,,,24999.90706,24915.07437,24830.24168,24791.08813,24751.93458,24667.10188,24582.26919,0,0,0,0,,,710
2026-02-24T07:35:00+08:00,24818.25,24823,24813.25,24816.5,24794.26706,,,,,,,25002.0383,24917.63124,24833.22417,24794.26706,24755.30995,24670.90288,24586.49582,0,0,0,0,,,455
2026-02-24T07:40:00+08:00,24818.5,24821,24804.5,24812.75,24796.85719,,,,,,,25003.5824,24919.60028,24835.61816,24796.85719,24758.09621,24674.11409,24590.13198,0,0,0,0,,,349
2026-02-24T07:45:00+08:00,24811,24818,24800,24802,24798.1754,,,,,,,25003.86774,24920.30523,24836.74271,24798.1754,24759.60808,24676.04557,24592.48305,0,0,0,0,,,562
2026-02-24T07:50:00+08:00,24801.5,24812,24792.25,24806.5,24799.70585,,,,,,,25004.40234,24921.24439,24838.08645,24799.70585,24761.32526,24678.16731,24595.00937,0,0,0,0,,,575
2026-02-24T07:55:00+08:00,24805,24806.75,24784.75,24788,24799.33229,,,,,,,25003.09614,24920.31707,24837.53801,24799.33229,24761.12657,24678.3475,24595.56844,0,0,0,0,,,566
2026-02-24T08:00:00+08:00,24789,24811.25,24782.25,24802.5,24800.08292,,,,,,,25003.05962,24920.60033,24838.14105,24800.08292,24762.02479,24679.56551,24597.10623,0,0,0,0,,,1081
2026-02-24T08:05:00+08:00,24802.25,24809,24782,24784.25,24799.05433,,,,,,,25001.35732,24919.17173,24836.98614,24799.05433,24761.12253,24678.93694,24596.75135,0,0,0,0,,,632
2026-02-24T08:10:00+08:00,24786.25,24803.5,24786.25,24800,24799.28038,,,,,,,25000.89693,24918.9902,24837.08348,24799.28038,24761.47728,24679.57056,24597.66384,0,0,0,0,,,578
2026-02-24T08:15:00+08:00,24799.5,24818.5,24798.25,24814,24800.70191,,,,,,,25001.65953,24920.0205,24838.38147,24800.70191,24763.02236,24681.38332,24599.74429,0,0,0,0,,,643
2026-02-24T08:20:00+08:00,24813.5,24818,24782.5,24789.75,24799.85503,,,,,,,25000.36416,24918.90732,24837.45049,24799.85503,24762.25957,24680.80273,24599.3459,0,0,0,0,,,667
2026-02-24T08:25:00+08:00,24789.5,24791.5,24773.5,24781.25,24798.18692,,,,,,,24998.23654,24916.96638,24835.69623,24798.18692,24760.67762,24679.40747,24598.13731,0,0,0,0,,,609
2026-02-24T08:30:00+08:00,24780.75,24789.25,24776.75,24780,24796.40616,,,,,,,24995.91243,24914.86301,24833.81359,24796.40616,24758.99874,24677.94932,24596.89989,0,0,0,0,,,387
2026-02-24T08:35:00+08:00,24778,24797.5,24778,24797,24796.19377,,,,,,,24995.15528,24914.32716,24833.49905,24796.19377,24758.88849,24678.06038,24597.23227,0,0,0,0,,,343
2026-02-24T08:40:00+08:00,24797.5,24807,24797.5,24805,24796.75818,,,,,,,24995.05036,24914.49417,24833.93797,24796.75818,24759.5784,24679.0222,24598.466,0,0,0,0,,,342
2026-02-24T08:45:00+08:00,24805,24818.5,24800,24817.25,24798.47833,,,,,,,24996.0857,24915.80771,24835.52972,24798.47833,24761.42695,24681.14896,24600.87096,0,0,0,0,,,529
2026-02-24T08:50:00+08:00,24818,24823.5,24809.75,24812,24799.75529,,,,,,,24996.60689,24916.63593,24836.66497,24799.75529,24762.84562,24682.87466,24602.9037,0,0,0,0,,,449
2026-02-24T08:55:00+08:00,24811.25,24819.5,24801.5,24816,24801.38622,,,,,,,24997.4664,24917.80883,24838.15126,24801.38622,24764.62119,24684.96362,24605.30605,0,0,0,0,,,436
2026-02-24T09:00:00+08:00,24815.5,24818.25,24795.25,24805.75,24802.05913,,,,,,,24997.41618,24918.05238,24838.68858,24802.05913,24765.42969,24686.06589,24606.70209,0,0,0,0,,,504
2026-02-24T09:05:00+08:00,24805.5,24811.75,24796,24808.25,24802.90255,,,,,,,24997.49877,24918.44406,24839.38935,24802.90255,24766.41576,24687.36105,24608.30634,0,0,0,0,,,486
2026-02-24T09:10:00+08:00,24806,24811.75,24801,24804.5,24803.3473,,,,,,,24997.087,24918.38025,24839.67349,24803.3473,24767.0211,24688.31435,24609.60759,0,0,0,0,,,340
2026-02-24T09:15:00+08:00,24805.5,24811.5,24795,24806,24803.86548,,,,,,,24996.72645,24918.37668,24840.02691,24803.86548,24767.70405,24689.35428,24611.00451,0,0,0,0,,,453
2026-02-24T09:20:00+08:00,24805.75,24829,24804.5,24818.5,24805.43006,,,,,,,24997.48959,24919.46541,24841.44122,24805.43006,24769.4189,24691.39472,24613.37053,0,0,0,0,,,776
2026-02-24T09:25:00+08:00,24817.5,24826.5,24811,24821,24807.16227,,,,,,,24998.39596,24920.70728,24843.01859,24807.16227,24771.30595,24693.61726,24615.92857,0,0,0,0,,,445
2026-02-24T09:30:00+08:00,24820.5,24821.5,24798.75,24821.25,24808.83396,,,,,,,24999.30875,24921.92837,24844.54798,24808.83396,24773.11993,24695.73955,24618.35916,0,0,0,0,,,693
2026-02-24T09:35:00+08:00,24821.5,24825.25,24813.75,24820,24810.28101,,,,,,,24999.92897,24922.88449,24845.84,24810.28101,24774.72202,24697.67754,24620.63305,0,0,0,0,,,429
2026-02-24T09:40:00+08:00,24818.25,24835.5,24808.5,24827.75,24812.30512,,,,,,,25001.24832,24924.49015,24847.73197,24812.30512,24776.87827,24700.1201,24623.36192,0,0,0,0,,,685
2026-02-24T09:45:00+08:00,24828.25,24829.25,24813,24824.75,24813.91839,,,,,,,25002.1461,24925.67859,24849.21109,24813.91839,24778.6257,24702.15819,24625.69069,0,0,0,0,,,352
2026-02-24T09:50:00+08:00,24827.75,24828,24816.25,24817.5,24814.74349,,,,,,,25002.19289,24926.04157,24849.89026,24814.74349,24779.59673,24703.44542,24627.2941,0,0,0,0,,,195
2026-02-24T09:55:00+08:00,24815.25,24826.25,24812.25,24822,24815.85185,,,,,,,25002.4874,24926.66671,24850.84601,24815.85185,24780.85768,24705.03699,24629.2163,0,0,0,0,,,239
2026-02-24T10:00:00+08:00,24822,24831,24818.75,24819.75,24816.64066,,,,,,,25002.40704,24926.93945,24851.47186,24816.64066,24781.80947,24706.34188,24630.87429,0,0,0,0,,,361
2026-02-24T10:05:00+08:00,24819.25,24828.25,24816.75,24826.5,24817.91538,,,,,,,25002.7507,24927.66136,24852.57201,24817.91538,24783.25876,24708.16941,24633.08006,0,0,0,0,,,176
2026-02-24T10:10:00+08:00,24826.75,24840.25,24826.75,24836.25,24819.98544,,,,,,,25003.85576,24929.15845,24854.46113,24819.98544,24785.50976,24710.81244,24636.11512,0,0,0,0,,,291
2026-02-24T10:15:00+08:00,24836.25,24844,24832.5,24844,24822.6185,,,,,,,25005.46872,24931.18582,24856.90291,24822.6185,24788.33408,24714.05118,24639.76827,0,0,0,0,,,319
2026-02-24T10:20:00+08:00,24843.5,24864,24842.25,24862.75,24826.84809,,,,,,,25008.75351,24934.85443,24860.95535,24826.84809,24792.74082,24718.84174,24644.94266,0,0,0,0,,,757
2026-02-24T10:25:00+08:00,24863.5,24868,24860.25,24862.5,24830.86358,,,,,,,25011.73368,24938.2552,24864.77672,24830.86358,24796.95044,24723.47196,24649.99348,0,0,0,0,,,453
2026-02-24T10:30:00+08:00,24863,24876.25,24859.25,24873.5,24835.65786,,,,,,,25015.51903,24942.45043,24869.38183,24835.65786,24801.93389,24728.86529,24655.79669,0,0,0,0,,,623
2026-02-24T10:35:00+08:00,24871.5,24879,24868.5,24875,24840.37375,,,,,,,25019.17422,24946.53653,24873.89884,24840.37375,24806.84867,24734.21098,24661.57329,0,0,0,0,,,500
2026-02-24T10:40:00+08:00,24874.5,24875,24861.25,24864.25,24843.82457,,,,,,,25021.55996,24949.35496,24877.14996,24843.82457,24810.49918,24738.29418,24666.08918,0,0,0,0,,,494
2026-02-24T10:45:00+08:00,24863.25,24873.25,24858.25,24868,24847.2953,,,,,,,25023.9809,24952.20237,24880.42385,24847.2953,24814.16675,24742.38822,24670.6097,0,0,0,0,,,505
2026-02-24T10:50:00+08:00,24867.25,24870.5,24862,24868.25,24850.43379,,,,,,,25026.00733,24954.68058,24883.35383,24850.43379,24817.51375,24746.187,24674.86025,0,0,0,0,,,242
2026-02-24T10:55:00+08:00,24867.75,24874,24866.75,24869.75,24853.36668,,,,,,,25027.75659,24956.91069,24886.06478,24853.36668,24820.66857,24749.82266,24678.97676,0,0,0,0,,,217
2026-02-24T11:00:00+08:00,24869.75,24875.75,24866.75,24873,24856.25411,,,,,,,25029.41342,24959.06745,24888.72148,24856.25411,24823.78673,24753.44076,24683.09479,0,0,0,0,,,415
2026-02-24T11:05:00+08:00,24873,24874.5,24868.75,24872.25,24858.76411,,,,,,,25030.6125,24960.7991,24890.98569,24858.76411,24826.54254,24756.72913,24686.91573,0,0,0,0,,,200
2026-02-24T11:10:00+08:00,24873.5,24874.75,24866.75,24873.5,24861.07815,,,,,,,25031.56836,24962.30671,24893.04506,24861.07815,24829.11123,24759.84959,24690.58794,0,0,0,0,,,145
2026-02-24T11:15:00+08:00,24872.5,24880,24870,24877.75,24863.50563,,,,,,,25032.62056,24963.91762,24895.21468,24863.50563,24831.79658,24763.09364,24694.39071,0,0,0,0,,,597
2026-02-24T11:20:00+08:00,24877.75,24884.25,24876.5,24880.5,24865.90805,,,,,,,25033.61078,24965.48155,24897.35231,24865.90805,24834.46379,24766.33455,24698.20532,0,0,0,0,,,582
2026-02-24T11:25:00+08:00,24881,24881,24875,24878.25,24867.85294,,,,,,,25034.09241,24966.55763,24899.02284,24867.85294,24836.68304,24769.14825,24701.61347,0,0,0,0,,,334
2026-02-24T11:30:00+08:00,24878.25,24878.75,24873,24874,24869.16666,,,,,,,25033.89433,24966.97371,24900.05309,24869.16666,24838.28022,24771.3596,24704.43898,0,0,0,0,,,191
2026-02-24T11:35:00+08:00,24874.25,24877.25,24869.75,24876.75,24870.49643,,,,,,,25033.69064,24967.39299,24901.09534,24870.49643,24839.89751,24773.59986,24707.30221,0,0,0,0,,,232
2026-02-24T11:40:00+08:00,24876.5,24880.5,24873,24874.25,24871.40283,,,,,,,25033.0501,24967.3809,24901.71169,24871.40283,24841.09397,24775.42476,24709.75556,0,0,0,0,,,226
2026-02-24T11:45:00+08:00,24873.75,24876,24868.75,24873.5,24872.07121,,,,,,,25032.15963,24967.12371,24902.08779,24872.07121,24842.05463,24777.01871,24711.98279,0,0,0,0,,,180
2026-02-24T11:50:00+08:00,24873.5,24877.5,24869.5,24874.25,24872.66409,,,,,,,25031.19834,24966.7938,24902.38926,24872.66409,24842.93891,24778.53437,24714.12983,0,0,0,0,,,242
2026-02-24T11:55:00+08:00,24873.25,24875.75,24871.25,24873.25,24873.03302,,,,,,,25029.97708,24966.21856,24902.46003,24873.03302,24843.60601,24779.84748,24716.08895,0,0,0,0,,,90
2026-02-24T12:00:00+08:00,24874,24876,24870.25,24875,24873.46529,,,,,,,25028.80547,24965.69852,24902.59157,24873.46529,24844.33901,24781.23206,24718.12511,0,0,0,0,,,133
2026-02-24T12:05:00+08:00,24874.75,24880.75,24871.25,24879.5,24874.2342,,,,,,,25028.00755,24965.53713,24903.06671,24874.2342,24845.4017,24782.93128,24720.46086,0,0,0,0,,,223
2026-02-24T12:10:00+08:00,24879.25,24880.25,24873.25,24874.75,24874.49162,,,,,,,25026.70727,24964.86966,24903.03205,24874.49162,24845.95118,24784.11357,24722.27596,0,0,0,0,,,177
2026-02-24T12:15:00+08:00,24874.25,24877,24865.75,24877,24874.89566,,,,,,,25025.61746,24964.38673,24903.156,24874.89566,24846.63532,24785.40459,24724.17386,0,0,0,0,,,277
2026-02-24T12:20:00+08:00,24877,24881.25,24876,24879.5,24875.46738,,,,,,,25024.68726,24964.06669,24903.44611,24875.46738,24847.48865,24786.86808,24726.2475,0,0,0,0,,,228
2026-02-24T12:25:00+08:00,24878.75,24882,24876.25,24877.25,24875.77697,,,,,,,25023.49415,24963.48405,24903.47394,24875.77697,24848.08,24788.06989,24728.05978,0,0,0,0,,,191
2026-02-24T12:30:00+08:00,24878,24884,24872,24872.5,24875.60496,,,,,,,25021.89645,24962.46553,24903.03461,24875.60496,24848.1753,24788.74438,24729.31346,0,0,0,0,,,259
2026-02-24T12:35:00+08:00,24872.25,24873.25,24867.25,24869.75,24875.12924,,,,,,,25019.99695,24961.14444,24902.29194,24875.12924,24847.96655,24789.11405,24730.26154,0,0,0,0,,,174
2026-02-24T12:40:00+08:00,24870,24877,24869.25,24871.25,24874.77723,,,,,,,25018.24722,24959.96253,24901.67785,24874.77723,24847.8766,24789.59192,24731.30724,0,0,0,0,,,196
2026-02-24T12:45:00+08:00,24872.25,24878.25,24870.25,24876,24874.84164,,,,,,,25016.94108,24959.21318,24901.48528,24874.84164,24848.19799,24790.47009,24732.7422,0,0,0,0,,,175
2026-02-24T12:50:00+08:00,24876.75,24880.25,24875.5,24877.5,24875.04595,,,,,,,25015.7633,24958.59688,24901.43045,24875.04595,24848.66145,24791.49503,24734.3286,0,0,0,0,,,147
2026-02-24T12:55:00+08:00,24877.5,24880,24875.25,24876,24875.1312,,,,,,,25014.45464,24957.8545,24901.25435,24875.1312,24849.00806,24792.40791,24735.80776,0,0,0,0,,,99
2026-02-24T13:00:00+08:00,24876,24887,24869.25,24886.75,24876.19176,,,,,,,25014.2682,24958.17465,24902.08109,24876.19176,24850.30242,24794.20886,24738.11531,0,0,0,0,,,383
2026-02-24T13:05:00+08:00,24887,24888.25,24881,24884.25,24877.01672,,,,,,,25013.86405,24958.26982,24902.67559,24877.01672,24851.35785,24795.76362,24740.16939,0,0,0,0,,,348
2026-02-24T13:10:00+08:00,24885,24886.5,24882,24882,24877.61322,,,,,,,25013.21455,24958.12651,24903.03847,24877.61322,24852.18797,24797.09993,24742.01188,0,0,0,0,,,96
2026-02-24T13:15:00+08:00,24882.75,24883.5,24857.25,24857.75,24875.96363,,,,,,,25010.56562,24955.88356,24901.20151,24875.96363,24850.72576,24796.04371,24741.36165,0,0,0,0,,,436
2026-02-24T13:20:00+08:00,24857,24862.25,24854.5,24861.75,24874.65981,,,,,,,25008.27844,24953.99587,24899.71331,24874.65981,24849.60632,24795.32375,24741.04119,0,0,0,0,,,294
2026-02-24T13:25:00+08:00,24861.75,24866,24855.25,24863.5,24873.51924,,,,,,,25006.20246,24952.2999,24898.39734,24873.51924,24848.64114,24794.73858,24740.83602,0,0,0,0,,,246
2026-02-24T13:30:00+08:00,24861.5,24861.5,24848.25,24851.5,24871.30561,,,,24861.5,,,25003.12692,24949.57452,24896.02211,24871.30561,24846.58912,24793.03671,24739.48431,0,0,0,0,,,323
2026-02-24T13:35:00+08:00,24851.25,24855.25,24843.5,24852.75,24869.25636,,,,,,,25000.26624,24947.04348,24893.82071,24869.25636,24844.69201,24791.46925,24738.24648,0,0,0,0,,,310
2026-02-24T13:40:00+08:00,24852.75,24858.25,24846.75,24855.75,24867.56864,,,,,,,24997.80971,24944.89927,24891.98884,24867.56864,24843.14844,24790.238,24737.32757,0,0,0,0,,,187
2026-02-24T13:45:00+08:00,24854,24855.25,24832.5,24835,24864.10192,,,,,,,24993.74867,24941.07968,24888.41068,24864.10192,24839.79315,24787.12415,24734.45516,0,0,0,0,,,534
2026-02-24T13:50:00+08:00,24833,24842.25,24825.75,24839.25,24861.15642,,,,,,,24990.29912,24937.8349,24885.37067,24861.15642,24836.94216,24784.47794,24732.01371,0,0,0,0,,,567
2026-02-24T13:55:00+08:00,24839,24841,24834.75,24841,24858.5476,,,,,,,24987.14426,24934.90187,24882.65948,24858.5476,24834.43573,24782.19333,24729.95094,0,0,0,0,,,175
2026-02-24T14:00:00+08:00,24840.5,24842,24834.75,24838.75,24855.93212,,,,,,,24983.94812,24931.94162,24879.93512,24855.93212,24831.92912,24779.92262,24727.91612,0,0,0,0,,,236
2026-02-24T14:05:00+08:00,24838.25,24853.25,24838.25,24853.25,24854.85195,,,,,,,24982.34341,24930.55,24878.7566,24854.85195,24830.9473,24779.15389,24727.36048,0,0,0,0,,,385
2026-02-24T14:10:00+08:00,24851.25,24852.5,24835,24837,24852.50606,,,,,,,24979.55605,24927.94199,24876.32793,24852.50606,24828.68419,24777.07013,24725.45607,0,0,0,0,,,335
2026-02-24T14:15:00+08:00,24836,24850,24832.25,24847,24851.27895,,,,,,,24977.96862,24926.50094,24875.03326,24851.27895,24827.52464,24776.05696,24724.58928,0,0,0,0,,,316
2026-02-24T14:20:00+08:00,24845.75,24845.75,24827.5,24830,24848.69959,,,,,,,24975.11046,24923.75605,24872.40163,24848.69959,24824.99755,24773.64313,24722.28872,0,0,0,0,,,307
2026-02-24T14:25:00+08:00,24830.25,24834,24822.75,24832.75,24846.5756,,,,,,,24972.6991,24921.46143,24870.22376,24846.5756,24822.92745,24771.68977,24720.4521,0,0,0,0,,,250
2026-02-24T14:30:00+08:00,24832.75,24838.25,24824,24835,24844.85212,,,,,,,24970.71159,24919.58118,24868.45077,24844.85212,24821.25347,24770.12306,24718.99265,0,0,0,0,,,233
2026-02-24T14:35:00+08:00,24835.75,24838.25,24824.25,24838.25,24843.61505,,,,,,,24969.22819,24918.19785,24867.16751,24843.61505,24820.06259,24769.03225,24718.00191,0,0,0,0,,,238
2026-02-24T14:40:00+08:00,24838.5,24843,24834.75,24839.5,24842.6765,,,,,,,24967.98766,24917.08,24866.17234,24842.6765,24819.18066,24768.273,24717.36535,0,0,0,0,,,166
2026-02-24T14:45:00+08:00,24839.25,24844,24834,24843,24842.22689,,,,,,,24967.19951,24916.42938,24865.65926,24842.22689,24818.79453,24768.02441,24717.25428,0,0,0,0,,,166
2026-02-24T14:50:00+08:00,24842.5,24842.5,24832.25,24833.75,24841.07857,,,,,,,24965.68019,24915.06078,24864.44137,24841.07857,24817.71577,24767.09636,24716.47695,0,0,0,0,,,95
2026-02-24T14:55:00+08:00,24833.25,24842.75,24830.25,24837.75,24840.41655,,,,,,,24964.6426,24914.17576,24863.70893,24840.41655,24817.12416,24766.65733,24716.1905,0,0,0,0,,,150
2026-02-24T15:00:00+08:00,24837.5,24854.5,24835.25,24843.5,24840.38404,,,,,,,24964.31301,24913.96687,24863.62072,24840.38404,24817.14736,24766.80121,24716.45506,0,0,0,0,,,364
2026-02-24T15:05:00+08:00,24843.5,24860.75,24843,24857.5,24841.71952,,,,,,,24965.41158,24915.16168,24864.91178,24841.71952,24818.52726,24768.27736,24718.02746,0,0,0,0,,,566
2026-02-24T15:10:00+08:00,24857.5,24858.5,24852,24857.75,24843.14133,,,,,,,24966.51845,24916.3965,24866.27454,24843.14133,24820.00812,24769.88616,24719.76421,0,0,0,0,,,247
2026-02-24T15:15:00+08:00,24858.25,24858.5,24848.75,24851.75,24844.02422,,,,,,,24967.04691,24917.06894,24867.09097,24844.02422,24820.95747,24770.9795,24721.00153,0,0,0,0,,,180
2026-02-24T15:20:00+08:00,24852.75,24854.5,24846,24851,24844.83439,,,,,,,24967.45162,24917.63837,24867.82512,24844.83439,24821.84365,24772.0304,24722.21715,0,0,0,0,,,195
2026-02-24T15:25:00+08:00,24850,24862,24847.75,24859.75,24846.4142,,,,,,,24968.64771,24918.99035,24869.33298,24846.4142,24823.49542,24773.83806,24724.18069,0,0,0,0,,,233
2026-02-24T15:30:00+08:00,24861,24868.5,24858.25,24858.25,24847.83255,,,,,,,24969.65313,24920.16352,24870.67391,24847.83255,24824.99119,24775.50158,24726.01197,0,0,0,0,,,227
2026-02-24T15:35:00+08:00,24858.25,24858.25,24848,24849,24848.31861,,,,,,,24969.70303,24920.39061,24871.07819,24848.31861,24825.55903,24776.24661,24726.93419,0,0,0,0,,,186
2026-02-24T15:40:00+08:00,24849,24852,24831.75,24835.25,24847.45787,,,,,,,24968.50622,24919.33032,24870.15443,24847.45787,24824.7613,24775.58541,24726.40951,0,0,0,0,,,361
2026-02-24T15:45:00+08:00,24835.5,24839,24831.5,24837.25,24846.71661,,,,,,,24967.37317,24918.35644,24869.33971,24846.71661,24824.0935,24775.07677,24726.06004,0,0,0,0,,,221
2026-02-24T15:50:00+08:00,24837,24846,24837,24839.75,24846.14508,,,,,,,24966.37438,24917.53123,24868.68807,24846.14508,24823.60208,24774.75893,24725.91578,0,0,0,0,,,186
2026-02-24T15:55:00+08:00,24840.75,24843,24830.5,24833.25,24844.94393,,,,,,,24964.75501,24916.08176,24867.40851,24844.94393,24822.47935,24773.80609,24725.13284,0,0,0,0,,,214
2026-02-24T16:00:00+08:00,24834,24834,24792.5,24803,24841.00307,,,,,,,24960.75691,24912.10691,24863.45691,24841.00307,24818.54922,24769.89922,24721.24922,0,0,0,0,,,1525
2026-02-24T16:05:00+08:00,24802.75,24813.5,24788,24803,24837.09311,,,,,,,24956.94997,24908.25812,24859.56627,24837.09311,24814.61995,24765.9281,24717.23625,0,0,0,0,,,770
2026-02-24T16:10:00+08:00,24803.5,24810.5,24783.5,24793.25,24832.39634,,,,,,,24952.52806,24903.72455,24854.92103,24832.39634,24809.87164,24761.06813,24712.26461,0,0,0,0,,,964
2026-02-24T16:15:00+08:00,24792,24809.5,24773.5,24789.75,24827.55379,,,,,,,24948.23018,24899.2054,24850.18061,24827.55379,24804.92696,24755.90218,24706.87739,0,0,0,0,,,1239
2026-02-24T16:20:00+08:00,24789,24817.5,24780.25,24811.75,24824.93375,,,,,,,24946.42277,24897.06785,24847.71294,24824.93375,24802.15456,24752.79965,24703.44474,0,0,0,0,,,772
2026-02-24T16:25:00+08:00,24815.25,24817.5,24794.75,24807.25,24822.20085,,,,,,,24944.57497,24894.86048,24845.146,24822.20085,24799.2557,24749.54122,24699.82673,0,0,0,0,,,720
2026-02-24T16:30:00+08:00,24809,24821.25,24794,24795.25,24818.64687,,,,,,,24942.01638,24891.89751,24841.77865,24818.64687,24795.51508,24745.39622,24695.27736,0,0,0,0,,,555
2026-02-24T16:35:00+08:00,24793.75,24798.75,24779,24796.25,24815.50639,,,,,,,24939.87298,24889.34906,24838.82513,24815.50639,24792.18766,24741.66373,24691.13981,0,0,0,0,24787.5,,538
2026-02-24T16:40:00+08:00,24797,24797,24776,24787.5,24811.87087,,,,,,,24937.23809,24886.30765,24835.37722,24811.87087,24788.36451,24737.43408,24686.50365,0,0,0,0,,,369
2026-02-24T16:45:00+08:00,24786,24788.5,24761.5,24762.75,24806.28913,,,,,,,24932.72027,24881.35762,24829.99497,24806.28913,24782.58329,24731.22064,24679.85799,0,0,0,0,,,765
2026-02-24T16:50:00+08:00,24763.75,24773.5,24761,24770.75,24801.76805,,,,,,,24929.13824,24877.3941,24825.64996,24801.76805,24777.88614,24726.142,24674.39786,0,0,0,0,,,529
2026-02-24T16:55:00+08:00,24772,24797.75,24771.75,24791.75,24799.52118,,,,,,,24927.86437,24875.72495,24823.58553,24799.52118,24775.45684,24723.31742,24671.178,0,0,0,0,,,557
2026-02-24T17:00:00+08:00,24791.25,24815.5,24788.25,24803.25,24798.67557,,,,,,,24928.03408,24875.48218,24822.93029,24798.67557,24774.42085,24721.86896,24669.31707,0,0,0,0,,,728
2026-02-24T17:05:00+08:00,24803,24818.75,24797.25,24815.75,24799.30428,,,,,,,24929.64493,24876.69404,24823.74315,24799.30428,24774.86541,24721.91452,24668.96363,0,0,0,0,,,527
2026-02-24T17:10:00+08:00,24815,24838.5,24811.25,24837.5,24802.17487,,,24811.25,,,,24933.53091,24880.16752,24826.80413,24802.17487,24777.54561,24724.18222,24670.81883,0,0,0,0,,,764
2026-02-24T17:15:00+08:00,24837.25,24843,24827.25,24828,24804.35469,,,,,,,24936.61531,24882.88443,24829.15356,24804.35469,24779.55583,24725.82495,24672.09408,0,0,0,0,,,430
2026-02-24T17:20:00+08:00,24829.25,24833.25,24821,24825.75,24806.40766,,,,,,,24939.42044,24885.384,24831.34756,24806.40766,24781.46776,24727.43132,24673.39488,0,0,0,0,,,615
2026-02-24T17:25:00+08:00,24826,24833,24820.75,24825.25,24808.44058,,,,,,,24942.05873,24887.77636,24833.49399,24808.44058,24783.38718,24729.10481,24674.82243,0,0,0,0,,,496
2026-02-24T17:30:00+08:00,24825,24825.75,24806.5,24806.5,24808.73477,,,,,,,24942.90174,24888.39641,24833.89107,24808.73477,24783.57846,24729.07313,24674.56779,0,0,0,0,,,683
2026-02-24T17:35:00+08:00,24806.25,24821,24794.25,24820,24810.18553,,,,,,,24944.942,24890.19718,24835.45237,24810.18553,24784.9187,24730.17388,24675.42907,0,0,0,0,,,760
2026-02-24T17:40:00+08:00,24821,24830,24819.75,24828.5,24812.30382,,,,,,,24947.4928,24892.57228,24837.65175,24812.30382,24786.95588,24732.03536,24677.11483,0,0,0,0,,,490
2026-02-24T17:45:00+08:00,24830,24839.25,24822.25,24837,24815.07841,,,,,,,24950.63339,24895.56418,24840.49497,24815.07841,24789.66185,24734.59264,24679.52342,0,0,0,0,,24838.75,265
2026-02-24T17:50:00+08:00,24838,24843.75,24834,24838.75,24817.87385,,,,,,,24953.64717,24898.48926,24843.33134,24817.87385,24792.41635,24737.25844,24682.10052,0,0,0,0,,,334
2026-02-24T17:55:00+08:00,24838.75,24848,24837.75,24846.5,24821.21296,,,,,,,24957.07054,24901.8784,24846.68626,24821.21296,24795.73967,24740.54753,24685.35539,0,0,0,0,,,408
2026-02-24T18:00:00+08:00,24847,24864.5,24845,24864.25,24825.95934,,,,,,,24961.89208,24906.6694,24851.44673,24825.95934,24800.47195,24745.24927,24690.02659,0,0,0,0,,,511
2026-02-24T18:05:00+08:00,24864,24865.5,24844.5,24847.75,24828.9557,,,,,,,24964.98035,24909.72034,24854.46032,24828.9557,24803.45108,24748.19106,24692.93104,0,0,0,0,,,701
2026-02-24T18:10:00+08:00,24848.75,24850.25,24842.25,24842.5,24831.21248,,,,,,,24967.19339,24911.95114,24856.7089,24831.21248,24805.71605,24750.47381,24695.23156,0,0,0,0,,,270
2026-02-24T18:15:00+08:00,24842.75,24848.5,24834.5,24846.25,24833.5745,,,,,,,24969.45282,24914.25225,24859.05168,24833.5745,24808.09732,24752.89675,24697.69618,0,0,0,0,,,385
2026-02-24T18:20:00+08:00,24845.75,24847.25,24838.5,24840.75,24835.15853,,,,,,,24970.82286,24915.70922,24860.59559,24835.15853,24809.72146,24754.60783,24699.4942,0,0,0,0,,,242
2026-02-24T18:25:00+08:00,24840,24845,24835,24840,24836.42481,,,,,,,24971.78754,24916.79644,24861.80533,24836.42481,24811.0443,24756.05319,24701.06209,0,0,0,0,,,377
2026-02-24T18:30:00+08:00,24841.5,24843,24830.75,24834.25,24836.93124,,,,,,,24971.93943,24917.09235,24862.24527,24836.93124,24811.6172,24756.77012,24701.92304,0,0,0,0,,,249
2026-02-24T18:35:00+08:00,24834,24847,24832.25,24832.5,24837.04227,,,,,,,24971.68162,24916.98439,24862.28715,24837.04227,24811.79739,24757.10015,24702.40291,0,0,0,0,,,282
2026-02-24T18:40:00+08:00,24832,24844.5,24826.5,24843.75,24838.02062,,,,,,,24972.32585,24917.76435,24863.20285,24838.02062,24812.83838,24758.27688,24703.71538,0,0,0,0,,,428
2026-02-24T18:45:00+08:00,24843.5,24843.75,24826,24829.5,24837.57893,,,,,,,24971.58543,24917.14529,24862.70515,24837.57893,24812.45272,24758.01258,24703.57244,0,0,0,0,,,209
2026-02-24T18:50:00+08:00,24830.5,24841.5,24825.75,24839.75,24837.9618,,,,,,,24971.68493,24917.35991,24863.03488,24837.9618,24812.88871,24758.56368,24704.23866,0,0,0,0,,,217
2026-02-24T18:55:00+08:00,24841,24843.5,24836.5,24842,24838.48257,,,,,,,24971.83303,24917.65941,24863.48578,24838.48257,24813.47936,24759.30574,24705.13212,0,0,0,0,,,145
2026-02-24T19:00:00+08:00,24842.5,24853.25,24834,24846.5,24839.38135,,,,,,,24972.42132,24918.37383,24864.32635,24839.38135,24814.43636,24760.38888,24706.34139,0,0,0,0,,,507
2026-02-24T19:05:00+08:00,24846.75,24848.5,24830.75,24830.75,24838.77396,,,,,,,24971.5507,24917.61015,24863.6696,24838.77396,24813.87833,24759.93778,24705.99723,0,0,0,0,,,399
2026-02-24T19:10:00+08:00,24830,24837.5,24822.75,24824.5,24837.52809,,,,,,,24970.04951,24916.21268,24862.37586,24837.52809,24812.68033,24758.8435,24705.00668,0,0,0,0,,,385
2026-02-24T19:15:00+08:00,24825.5,24832.75,24820.75,24825.75,24836.37225,,,,,,,24968.61244,24914.88986,24861.16729,24836.37225,24811.57722,24757.85464,24704.13206,0,0,0,0,,,448
2026-02-24T19:20:00+08:00,24825.75,24827.25,24814.25,24818.25,24834.53661,,,,,,,24966.48313,24912.87986,24859.27658,24834.53661,24809.79663,24756.19335,24702.59008,0,0,0,0,,,342
2026-02-24T19:25:00+08:00,24817.5,24824.75,24816,24822.25,24833.08786,,,,,,,24964.67581,24911.2182,24857.7606,24833.08786,24808.41512,24754.95752,24701.49991,0,0,0,0,,,272
2026-02-24T19:30:00+08:00,24822,24828.25,24817,24817,24831.25101,,,,,,,24962.44957,24909.15016,24855.85074,24831.25101,24806.65128,24753.35186,24700.05244,0,0,0,0,,,261
2026-02-24T19:35:00+08:00,24816.75,24822,24808.75,24811.75,24829.03352,,,,,,,24959.83841,24906.69892,24853.55943,24829.03352,24804.5076,24751.36811,24698.22862,0,0,0,0,,,548
2026-02-24T19:40:00+08:00,24811,24822,24809,24819,24827.59473,,,,,,,24958.00004,24905.02288,24852.04572,24827.59473,24803.14373,24750.16657,24697.18941,0,0,0,0,,,302
2026-02-24T19:45:00+08:00,24819,24830.25,24816,24816.5,24826.0839,,,,,,,24956.09939,24903.2806,24850.46181,24826.0839,24801.706,24748.88721,24696.06842,0,0,0,0,,,276
2026-02-24T19:50:00+08:00,24816.25,24822.5,24812,24816.5,24824.69111,,,,,,,24954.28127,24901.63527,24848.98927,24824.69111,24800.39296,24747.74695,24695.10095,0,0,0,0,,,232
2026-02-24T19:55:00+08:00,24818,24834,24815.75,24833,24824.93548,,,,,,,24954.16442,24901.66516,24849.16591,24824.93548,24800.70506,24748.20581,24695.70655,0,0,0,0,,,520
2026-02-24T20:00:00+08:00,24832.5,24877.75,24828.5,24870.25,24828.69888,,,,,,,24958.00642,24905.47523,24852.94404,24828.69888,24804.45372,24751.92253,24699.39134,0,0,0,0,,,3062
2026-02-24T20:05:00+08:00,24871,24902.25,24869.25,24874.75,24832.95161,,,,,,,24962.57119,24909.91323,24857.25528,24832.95161,24808.64794,24755.98998,24703.33203,0,0,0,0,,,2256
2026-02-24T20:10:00+08:00,24873.5,24884,24861.25,24872.25,24836.96435,,,,,,,24966.99258,24914.16861,24861.34464,24836.96435,24812.58405,24759.76008,24706.93611,0,0,0,0,,,949
2026-02-24T20:15:00+08:00,24871.75,24873.5,24847.75,24851.25,24838.95932,,,,,,,24969.51568,24916.47716,24863.43863,24838.95932,24814.48,24761.44147,24708.40295,0,0,0,0,,,787
2026-02-24T20:20:00+08:00,24850,24854.25,24834,24843.75,24840.15897,,,,,,,24971.28267,24918.01367,24864.74467,24840.15897,24815.57328,24762.30428,24709.03528,0,0,0,0,,,750
2026-02-24T20:25:00+08:00,24843.5,24854.25,24838.75,24840.75,24840.92998,,,,,,,24972.59252,24919.10461,24865.61671,24840.92998,24816.24326,24762.75535,24709.26744,0,0,0,0,,,603
2026-02-24T20:30:00+08:00,24840,24847.25,24829.5,24831.25,24840.66163,,,,,,,24972.85062,24919.14884,24865.44706,24840.66163,24815.87619,24762.17441,24708.47264,0,0,0,0,,,818
2026-02-24T20:35:00+08:00,24830.5,24837.25,24818,24820.25,24839.243,,,,,,,24971.95671,24918.04176,24864.12682,24839.243,24814.35918,24760.44423,24706.52929,0,0,0,0,,,1231
2026-02-24T20:40:00+08:00,24820.25,24821,24800,24819.5,24837.63632,,,,24821,,,24970.88696,24916.75388,24862.62081,24837.63632,24812.65182,24758.51875,24704.38568,0,0,0,0,,,1518
2026-02-24T20:45:00+08:00,24818,24819,24795.25,24800.5,24834.23107,,,,,,,24968.05804,24913.69083,24859.32363,24834.23107,24809.13851,24754.77131,24700.4041,0,0,0,0,,,1052
2026-02-24T20:50:00+08:00,24801,24824,24797,24821.25,24832.70666,,,,,,,24967.18321,24912.55211,24857.92102,24832.70666,24807.49231,24752.86122,24698.23012,0,0,0,0,,,1087
2026-02-24T20:55:00+08:00,24820.5,24823,24810.75,24816.25,24830.75541,,,,,,,24965.76946,24910.92,24856.07054,24830.75541,24805.44027,24750.59081,24695.74135,0,0,0,0,,,547
2026-02-24T21:00:00+08:00,24816.75,24840.5,24814.25,24833,24830.43348,,,,,,,24966.04219,24910.95115,24855.86011,24830.43348,24805.00684,24749.9158,24694.82477,0,0,0,0,,,1535
2026-02-24T21:05:00+08:00,24832.75,24841.25,24819.25,24835.5,24830.42829,,,,,,,24966.63476,24911.30088,24855.967,24830.42829,24804.88958,24749.5557,24694.22182,0,0,0,0,,,1270
2026-02-24T21:10:00+08:00,24835.25,24839.25,24820.75,24827,24829.74899,,,,,,,24966.51337,24910.95284,24855.39231,24829.74899,24804.10567,24748.54514,24692.98462,0,0,0,0,,,669
2026-02-24T21:15:00+08:00,24826,24848,24823.5,24841.75,24830.50904,,,,,,,24967.86164,24912.06215,24856.26265,24830.50904,24804.75543,24748.95593,24693.15644,0,0,0,0,,,838
2026-02-24T21:20:00+08:00,24842,24847.25,24828.5,24846.5,24831.80855,,,,,,,24969.70894,24913.68691,24857.66487,24831.80855,24805.95223,24749.93019,24693.90816,0,0,0,0,,,838
2026-02-24T21:25:00+08:00,24847.5,24858.5,24845,24857,24834.12397,,,,,,,24972.46857,24916.26607,24860.06358,24834.12397,24808.18436,24751.98187,24695.77937,0,0,0,0,,,819
2026-02-24T21:30:00+08:00,24857.5,24870.25,24849,24857.5,24836.49026,,,24849,,,,24975.27243,24918.89217,24862.51191,24836.49026,24810.4686,24754.08834,24697.70808,0,0,0,0,,,1030
2026-02-24T21:35:00+08:00,24858.25,24860,24840.5,24843.25,24837.52611,,,,,,,24976.71919,24920.17201,24863.62482,24837.52611,24811.42741,24754.88022,24698.33303,0,0,0,0,,,638
2026-02-24T21:40:00+08:00,24842.75,24876.75,24838.25,24871.75,24841.08016,,,,,,,24980.89109,24924.0929,24867.29471,24841.08016,24814.86561,24758.06741,24701.26922,0,0,0,0,,,1260
2026-02-24T21:45:00+08:00,24872.5,24889.25,24870,24877.25,24845.03156,,,,,,,24985.42916,24928.39264,24871.35611,24845.03156,24818.70701,24761.67049,24704.63396,0,0,0,0,,,1182
2026-02-24T21:50:00+08:00,24877.25,24883.5,24870,24879.5,24849.02961,,,,,,,24989.91127,24932.6781,24875.44492,24849.02961,24822.6143,24765.38113,24708.14795,0,0,0,0,,,1061
2026-02-24T21:55:00+08:00,24879.75,24892,24876.25,24877.25,24852.59845,,,,,,,24993.88992,24936.49026,24879.0906,24852.59845,24826.1063,24768.70664,24711.30698,0,0,0,0,,,933
2026-02-24T22:00:00+08:00,24876.75,24878.75,24860.75,24863.25,24854.64305,,,,,,,24996.29896,24938.75125,24881.20353,24854.64305,24828.08257,24770.53485,24712.98714,0,0,0,0,,,1398
2026-02-24T22:05:00+08:00,24863.5,24868.75,24856.25,24860,24856.12439,,,,,,,24998.03523,24940.38395,24882.73267,24856.12439,24829.51611,24771.86483,24714.21354,0,0,0,0,,,883
2026-02-24T22:10:00+08:00,24859.25,24864.5,24844.75,24852.75,24856.6648,,,,,,,24998.81202,24941.06471,24883.31741,24856.6648,24830.0122,24772.26489,24714.51759,0,0,0,0,,,1118
2026-02-24T22:15:00+08:00,24853,24854.5,24834,24836.25,24855.42309,,,,24854.5,,,24997.79578,24939.95687,24882.11797,24855.42309,24828.72821,24770.88931,24713.05041,0,0,0,0,,,1209
2026-02-24T22:20:00+08:00,24836,24841.25,24826.25,24829,24853.33833,,,,,,,24995.86586,24937.96405,24880.06224,24853.33833,24826.61441,24768.71261,24710.8108,0,0,0,0,,,1212
2026-02-24T22:25:00+08:00,24829.75,24834.5,24797.25,24804.75,24848.93265,,,,,,,24991.82136,24933.77282,24875.72428,24848.93265,24822.14102,24764.09248,24706.04394,0,0,0,0,,,3351
2026-02-24T22:30:00+08:00,24805,24826,24708.75,24739,24838.52758,,,,,,,24982.95407,24924.28081,24865.60755,24838.52758,24811.44762,24752.77436,24694.1011,0,0,1,0,,,20115
2026-02-24T22:35:00+08:00,24739,24815.5,24694.5,24803,24834.07246,,,,,,,24981.23069,24921.44766,24861.66463,24834.07246,24806.48029,24746.69726,24686.91423,0,0,0,0,,,17777
2026-02-24T22:40:00+08:00,24803.75,24913,24800.75,24910.75,24839.67958,,,,,,,24990.60975,24929.29437,24867.97899,24839.67958,24811.38018,24750.0648,24688.74942,0,0,0,0,,,15437
2026-02-24T22:45:00+08:00,24911.25,24964.25,24904.75,24943.5,24848.50843,,,24904.75,,,,25003.54669,24940.56239,24877.5781,24848.50843,24819.43875,24756.45446,24693.47016,1,0,0,0,,,17593
2026-02-24T22:50:00+08:00,24943.5,24949.25,24901.5,24914.25,24854.78001,,,,,,,25014.0605,24949.3528,24884.6451,24854.78001,24824.91492,24760.20722,24695.49953,0,0,0,0,,,11448
2026-02-24T22:55:00+08:00,24913.5,24914.25,24861.25,24877.25,24857.63766,,,,,,,25021.30273,24954.81379,24888.32486,24857.63766,24826.95046,24760.46153,24693.97259,0,0,0,0,,,9110
2026-02-24T23:00:00+08:00,24878.5,24880,24819.5,24841.25,24857.11021,,,,,,,25025.34067,24956.99705,24888.65342,24857.11021,24825.567,24757.22337,24688.87974,0,0,0,0,,,10940
2026-02-24T23:05:00+08:00,24840.5,24906.5,24837.75,24900,24861.75779,,,,,,,25034.78514,24964.49278,24894.20042,24861.75779,24829.31516,24759.0228,24688.73044,0,0,0,0,,,9320
2026-02-24T23:10:00+08:00,24900.5,24923.75,24853.25,24865.75,24863.10873,,,,,,,25041.14188,24968.81591,24896.48995,24863.10873,24829.72752,24757.40156,24685.07559,0,0,0,0,,,8246
2026-02-24T23:15:00+08:00,24866,24905,24853.75,24894,24866.79663,,,,,,,25049.76512,24975.43417,24901.10322,24866.79663,24832.49004,24758.15909,24683.82814,0,0,0,0,,24948.75,6610
2026-02-24T23:20:00+08:00,24893.25,24953,24888,24948.75,24875.24004,,,,,,,25063.20911,24986.84668,24910.48424,24875.24004,24839.99584,24763.63341,24687.27098,0,0,0,0,,,8964
2026-02-24T23:25:00+08:00,24949.75,25014.5,24934.75,25011.75,24889.13758,,,,,,,25082.32391,25003.84197,24925.36002,24889.13758,24852.91514,24774.43319,24695.95124,1,0,0,0,,,11634
2026-02-24T23:30:00+08:00,25011.25,25024,24998,25009.75,24902.39358,,,,,,,25100.33157,25019.91926,24939.50696,24902.39358,24865.28021,24784.86791,24704.4556,0,0,0,0,,,10582
2026-02-24T23:35:00+08:00,25009.75,25012.25,24986.75,25000.75,24914.22394,,,,,,,25116.43308,25034.28561,24952.13815,24914.22394,24876.30972,24794.16226,24712.0148,0,0,0,0,,,6874
2026-02-24T23:40:00+08:00,25000.5,25031,24994.75,25017.25,24926.8172,,,,,,,25132.94985,25049.20846,24965.46707,24926.8172,24888.16732,24804.42593,24720.68454,0,0,0,0,,,5087
2026-02-24T23:45:00+08:00,25017.5,25019.5,24996,25010.5,24937.96135,,,,,,,25147.52155,25062.38772,24977.25389,24937.96135,24898.66882,24813.53499,24728.40116,0,0,0,0,,,4239
2026-02-24T23:50:00+08:00,25009.25,25009.75,24980.25,24984.75,24945.85903,,,,,,,25158.44269,25072.08058,24985.71847,24945.85903,24905.9996,24819.63748,24733.27537,0,0,0,0,,,4403
2026-02-24T23:55:00+08:00,24985.5,24995.5,24967.5,24976.5,24952.02124,,,,,,,25167.22708,25079.79971,24992.37234,24952.02124,24911.67015,24824.24278,24736.81541,0,0,0,0,,,5083
2026-02-25T00:00:00+08:00,24976.5,25025.75,24974.25,25019.75,24961.20691,,,,,,,25178.95237,25090.49328,25002.03419,24961.20691,24920.37964,24831.92055,24743.46145,0,0,0,0,,,5643
2026-02-25T00:05:00+08:00,25018.75,25032.5,25002.75,25013.5,24968.93357,,,,,,,25188.8978,25099.53733,25010.17686,24968.93357,24927.69028,24838.32981,24748.96934,0,0,0,0,,,5159
2026-02-25T00:10:00+08:00,25012.75,25047.25,25000.5,25033.75,24977.64265,,,,,,,25199.73996,25109.51293,25019.28589,24977.64265,24935.9994,24845.77237,24755.54533,0,0,0,0,,,5601
2026-02-25T00:15:00+08:00,25033.25,25040.75,25013.5,25019.25,24984.20502,,,,,,,25208.13671,25117.16446,25026.19221,24984.20502,24942.21783,24851.24558,24760.27333,0,0,0,0,,,4231
2026-02-25T00:20:00+08:00,25019.25,25022.75,24994.25,25010.5,24989.16233,,,,,,,25214.67255,25123.05902,25031.44549,24989.16233,24946.87916,24855.26563,24763.6521,0,0,0,0,,,5141
2026-02-25T00:25:00+08:00,25009.75,25021.5,25006.5,25014.25,24993.71997,,,,,,,25220.41334,25128.31915,25036.22497,24993.71997,24951.21496,24859.12078,24767.0266,0,0,0,0,,,3057
2026-02-25T00:30:00+08:00,25015.25,25016.25,24969.25,24972.5,24993.81023,,,,,,,25221.70927,25129.12528,25036.5413,24993.81023,24951.07915,24858.49517,24765.91118,0,0,0,0,,,6149
2026-02-25T00:35:00+08:00,24973,24998.25,24970.25,24991.75,24995.08052,,,,,,,25223.99828,25131.00044,25038.0026,24995.08052,24952.15843,24859.16059,24766.16275,0,0,0,0,,,4323
2026-02-25T00:40:00+08:00,24991.75,25007.75,24977.75,24989.25,24995.68343,,,,,,,25225.47454,25132.1219,25038.76927,24995.68343,24952.5976,24859.24497,24765.89233,0,0,0,0,,,3955
2026-02-25T00:45:00+08:00,24988.75,25017.75,24986.5,25008,24997.70017,,,,,,,25228.24089,25134.58373,25040.92656,24997.70017,24954.47379,24860.81662,24767.15945,0,0,0,0,,,4454
2026-02-25T00:50:00+08:00,25008.25,25034,24999.25,25028.5,25001.19168,,,,,,,25232.42054,25138.48382,25044.54709,25001.19168,24957.83627,24863.89955,24769.96283,0,0,0,0,,,4742
2026-02-25T00:55:00+08:00,25028,25040.75,25021.5,25028.75,25004.31958,,,,,,,25236.00462,25141.88257,25047.76052,25004.31958,24960.87863,24866.75658,24772.63454,0,0,0,0,,,3093
2026-02-25T01:00:00+08:00,25028.75,25040.75,25021.25,25030.5,25007.35817,,,,,,,25239.29673,25145.07169,25050.84665,25007.35817,24963.86968,24869.64464,24775.4196,0,0,0,0,,,3289
2026-02-25T01:05:00+08:00,25031.25,25052.25,25031,25050.75,25012.08047,,,,,,,25244.10849,25149.84711,25055.58572,25012.08047,24968.57522,24874.31383,24780.05245,0,0,0,0,,,3183
2026-02-25T01:10:00+08:00,25050.75,25076.25,25048.75,25055.25,25017.03206,,,,,,,25249.07543,25154.80781,25060.54019,25017.03206,24973.52393,24879.25631,24784.9887,0,0,0,0,,,7615
2026-02-25T01:15:00+08:00,25055.5,25068.5,25043.25,25050.5,25021.32267,,,,,,,25253.29197,25159.05444,25064.81691,25021.32267,24977.82842,24883.59089,24789.35336,0,0,0,0,,,3299
2026-02-25T01:20:00+08:00,25049,25065.5,25047,25062.5,25026.32282,,,,,,,25258.05826,25163.91574,25069.77321,25026.32282,24982.87242,24888.7299,24794.58738,0,0,0,0,,,2886
2026-02-25T01:25:00+08:00,25062.25,25074.25,25056.75,25060.75,25030.8826,,,,,,,25262.22629,25168.24291,25074.25954,25030.8826,24987.50566,24893.52229,24799.53891,0,0,0,0,,,2771
2026-02-25T01:30:00+08:00,25060.25,25070,25051,25061.25,25035.09055,,,,,,,25265.9208,25172.14601,25078.37123,25035.09055,24991.80988,24898.0351,24804.26031,0,0,0,0,,,2270
2026-02-25T01:35:00+08:00,25061.5,25065,25053,25056.5,25038.42577,,,,,,,25268.5472,25175.06037,25081.57354,25038.42577,24995.278,24901.79117,24808.30434,0,0,0,0,,,2174
2026-02-25T01:40:00+08:00,25056.5,25058.25,25038,25042,25039.99829,,,,,,,25269.32948,25176.16368,25082.99789,25039.99829,24996.99869,24903.83289,24810.6671,0,0,0,0,,,2892
2026-02-25T01:45:00+08:00,25041.25,25060.75,25032,25058,25042.70136,,,,,,,25271.28799,25178.42467,25085.56135,25042.70136,24999.84136,24906.97805,24814.11473,0,0,0,0,,,3315
2026-02-25T01:50:00+08:00,25058,25064,25047.75,25048.25,25044.21421,,,,,,,25271.95919,25179.43779,25086.9164,25044.21421,25001.51203,24908.99063,24816.46923,0,0,0,0,,,2050
2026-02-25T01:55:00+08:00,25048.25,25052.25,25041.75,25046,25045.20855,,,,,,,25271.95352,25179.83837,25087.72323,25045.20855,25002.69386,24910.57872,24818.46358,0,0,0,0,,,1693
2026-02-25T02:00:00+08:00,25046,25078.75,25043.25,25072,25048.32898,,,,,,,25274.23394,25182.46005,25090.68616,25048.32898,25005.9718,24914.19791,24822.42402,0,0,0,0,,,4153
2026-02-25T02:05:00+08:00,25071.75,25072,25050.75,25052.5,25049.46842,,,,,,,25274.52417,25183.09527,25091.66638,25049.46842,25007.27047,24915.84157,24824.41268,0,0,0,0,,,2986
2026-02-25T02:10:00+08:00,25052.25,25056,25038.75,25043,25049.52655,,,,,,,25273.68107,25182.6183,25091.55552,25049.52655,25007.49758,24916.43481,24825.37203,0,0,0,0,,,2603
2026-02-25T02:15:00+08:00,25043,25045,25032.5,25034.75,25048.58999,,,,,,,25271.73513,25181.08242,25090.4297,25048.58999,25006.75028,24916.09756,24825.44485,0,0,0,0,,,1954
2026-02-25T02:20:00+08:00,25034.5,25042.5,25024.5,25027,25046.82698,,,,,,,25268.93252,25178.70215,25088.47177,25046.82698,25005.1822,24914.95182,24824.72145,0,0,0,0,,,2953
2026-02-25T02:25:00+08:00,25026.5,25030.25,25015.5,25019.25,25044.25798,,,,,,,25265.25677,25175.47601,25085.69525,25044.25798,25002.82071,24913.03995,24823.25919,0,0,0,0,,,3785
2026-02-25T02:30:00+08:00,25019.75,25032.75,25011.5,25029.25,25042.611,,,,,,,25262.52482,25173.18483,25083.84484,25042.611,25001.37716,24912.03717,24822.69718,0,0,0,0,,,2787
2026-02-25T02:35:00+08:00,25029.25,25051,25021.25,25042.5,25042.22246,,,,,,,25261.18031,25172.22868,25083.27706,25042.22246,25001.16787,24912.21624,24823.26462,0,0,0,0,,,4056
2026-02-25T02:40:00+08:00,25042.75,25049.75,25033.25,25038.75,25041.55161,,,,,,,25259.5243,25170.9729,25082.42149,25041.55161,25000.68173,24912.13033,24823.57893,0,0,0,0,,,2507
2026-02-25T02:45:00+08:00,25039,25044.25,25022.5,25028.25,25040.05257,,,,,,,25257.07112,25168.90733,25080.74355,25040.05257,24999.36159,24911.1978,24823.03402,0,0,0,0,,,1874
2026-02-25T02:50:00+08:00,25029.25,25042,25027,25039.25,25039.61353,,,,,,,25255.63161,25167.87426,25080.11692,25039.61353,24999.11015,24911.35281,24823.59546,0,0,0,0,,,1963
2026-02-25T02:55:00+08:00,25039,25043.75,25029.5,25030,25038.4302,,,,,,,25253.39388,25166.06488,25078.73589,25038.4302,24998.12451,24910.79552,24823.46652,0,0,0,0,,,1535
2026-02-25T03:00:00+08:00,25030,25037.25,25023.75,25032.75,25037.57124,,,,,,,25251.42004,25164.54397,25077.66789,25037.57124,24997.47459,24910.59852,24823.72245,0,0,0,0,,,2238
2026-02-25T03:05:00+08:00,25032.5,25036.75,25020.25,25024,25035.99279,,,,,,,25248.70585,25162.29117,25075.87649,25035.99279,24996.10909,24909.69441,24823.27973,0,0,0,0,,,1567
2026-02-25T03:10:00+08:00,25024.25,25025.5,25008.5,25015,25033.70409,,,,,,,25245.27292,25159.32308,25073.37324,25033.70409,24994.03493,24908.0851,24822.13526,0,0,0,0,,,2573
2026-02-25T03:15:00+08:00,25015,25015.5,24988.5,25003,25030.44019,,,,25015.5,,,25240.98092,25155.44875,25069.91657,25030.44019,24990.9638,24905.43163,24819.89945,0,0,0,0,,,3621
2026-02-25T03:20:00+08:00,25002.75,25008.25,24996.5,25001.25,25027.13618,,,,,,,25236.57942,25151.49311,25066.40679,25027.13618,24987.86557,24902.77925,24817.69294,0,0,0,0,,,1793
2026-02-25T03:25:00+08:00,25000.75,25015.25,24995.5,25002.75,25024.14262,,,,,,,25232.51811,25147.86557,25063.21303,25024.14262,24985.07222,24900.41968,24815.76713,0,0,0,0,,,2796
2026-02-25T03:30:00+08:00,25003,25013.75,25000.25,25004.25,25021.49581,,,,,,,25228.75935,25144.55854,25060.35772,25021.49581,24982.6339,24898.43309,24814.23227,0,0,0,0,,,2214
2026-02-25T03:35:00+08:00,25004.5,25015,25002.75,25014.5,25019.98735,,,,,,,25226.08344,25142.3569,25058.63036,25019.98735,24981.34433,24897.61779,24813.89125,0,0,0,0,,,1526
2026-02-25T03:40:00+08:00,25014.25,25030.5,25011.5,25018.75,25019.09209,,,,,,,25224.05091,25140.78639,25057.52187,25019.09209,24980.66231,24897.39779,24814.13327,0,0,0,0,,,2481
2026-02-25T03:45:00+08:00,25019.5,25025.25,25013.5,25020.75,25018.58651,,,,,,,25222.35191,25139.57222,25056.79252,25018.58651,24980.3805,24897.6008,24814.82111,0,0,0,0,,,1380
2026-02-25T03:50:00+08:00,25020.5,25060.25,25015,25016.75,25017.90622,,,,,,,25220.83422,25138.39472,25055.95522,25017.90622,24979.85722,24897.41772,24814.97822,0,0,0,0,,,7332
2026-02-25T03:55:00+08:00,25017,25031.75,25014.75,25021.5,25017.83441,,,,,,,25219.93038,25137.82889,25055.7274,25017.83441,24979.94141,24897.83992,24815.73844,0,0,0,0,,,3107
2026-02-25T04:00:00+08:00,25021.75,25028.75,25013,25017.75,25017.5276,,,,,,,25218.77783,25137.01992,25055.26202,25017.5276,24979.79318,24898.03528,24816.27738,0,0,0,0,,,1836
2026-02-25T04:05:00+08:00,25018.5,25023,25004,25007,25016.35732,,,,,,,25216.78789,25135.36297,25053.93805,25016.35732,24978.77659,24897.35168,24815.92676,0,0,0,0,,,3084
2026-02-25T04:10:00+08:00,25006.75,25011.25,25000.5,25004.5,25015.04832,,,,,,,25214.58311,25133.5221,25052.46109,25015.04832,24977.63554,24896.57453,24815.51353,0,0,0,0,,,2121
2026-02-25T04:15:00+08:00,25004,25016.5,24995.75,25015.25,25014.76973,,,,,,,25213.44956,25132.73588,25052.0222,25014.76973,24977.51726,24896.80358,24816.0899,0,0,0,0,,,4244
2026-02-25T04:20:00+08:00,25015.5,25024.75,25007.25,25010,25014.11853,,,,,,,25211.94623,25131.57872,25051.21122,25014.11853,24977.02583,24896.65833,24816.29083,0,0,0,0,,,2522
2026-02-25T04:25:00+08:00,25010.5,25018.25,24997.75,24998.75,25012.51856,,,,,,,25209.53335,25129.49609,25049.45883,25012.51856,24975.57828,24895.54102,24815.50376,0,0,0,0,,,2875
2026-02-25T04:30:00+08:00,24998.75,25022.25,24994.75,25017,25012.65846,,,,,,,25208.98409,25129.2268,25049.46952,25012.65846,24975.84741,24896.09012,24816.33283,0,0,0,0,,,3224
2026-02-25T04:35:00+08:00,25016.75,25020.5,25004.25,25006.25,25011.89029,,,,,,,25207.5091,25128.03896,25048.56882,25011.89029,24975.21177,24895.74163,24816.27149,0,0,0,0,,,2638
2026-02-25T04:40:00+08:00,25006,25032,25004.25,25030.25,25013.37452,,,,,,,25208.40765,25129.17544,25049.94323,25013.37452,24976.80581,24897.5736,24818.34139,0,0,0,0,,,3457
2026-02-25T04:45:00+08:00,25030.5,25044,25027.75,25036.25,25015.43078,,,,,,,25209.85417,25130.86967,25051.88516,25015.43078,24978.97639,24899.99189,24821.00738,0,0,0,0,,,3015
2026-02-25T04:50:00+08:00,25037,25072,25035,25053,25019.00214,,,25035,,,,25213.04063,25134.21249,25055.38435,25019.00214,24982.61992,24903.79178,24824.96365,0,0,0,0,,,7595
2026-02-25T04:55:00+08:00,25053.5,25054.25,25022,25030,25020.43815,,,,,,,25214.25405,25135.51634,25056.77863,25020.43815,24984.09767,24905.35996,24826.62225,0,0,0,0,,,16588
2026-02-25T05:00:00+08:00,25030,25037.75,25020.75,25021.5,25021.0255,,,,,,,25214.58588,25135.95198,25057.31807,25021.0255,24984.73293,24906.09902,24827.46512,0,0,0,0,,,5197
2026-02-25T05:05:00+08:00,25022.25,25023.5,25003.25,25009,25020.35618,,,,,,,25213.66288,25135.13203,25056.60119,25020.35618,24984.11117,24905.58033,24827.04948,0,0,0,0,,,3562
2026-02-25T05:10:00+08:00,25009.75,25021.75,25009.25,25019.5,25020.56321,,,,,,,25213.51833,25135.13031,25056.7423,25020.56321,24984.38413,24905.99612,24827.6081,0,0,0,0,,,1262
2026-02-25T05:15:00+08:00,25019.5,25021,25014.25,25017.75,25020.52599,,,,,,,25212.95949,25134.78338,25056.60727,25020.52599,24984.44471,24906.2686,24828.09249,0,0,0,0,,,512
2026-02-25T05:20:00+08:00,25017.5,25027.75,25017.25,25026,25021.18276,,,,,,,25212.9716,25135.05738,25057.14316,25021.18276,24985.22235,24907.30813,24829.39391,0,0,0,0,,,718
2026-02-25T05:25:00+08:00,25025.5,25026,25022,25023.75,25021.5828,,,,,,,25212.52913,25134.95718,25057.38524,25021.5828,24985.78036,24908.20842,24830.63647,0,0,0,0,,,439
2026-02-25T05:30:00+08:00,25023.75,25028.75,25021,25021.5,25021.73332,,,,,,,25211.69184,25134.52119,25057.35054,25021.73332,24986.11609,24908.94544,24831.77479,0,0,0,0,,,418
2026-02-25T05:35:00+08:00,25020.5,25025.75,25018.75,25021.25,25021.8105,,,,,,,25210.64033,25133.92821,25057.21609,25021.8105,24986.40491,24909.69279,24832.98067,0,0,0,0,,,443
2026-02-25T05:40:00+08:00,25020.75,25021.25,25018.5,25018.5,25021.59352,,,,,,,25209.11315,25132.9333,25056.75345,25021.59352,24986.43359,24910.25374,24834.0739,0,0,0,0,,,270
2026-02-25T05:45:00+08:00,25018,25022.5,25015.5,25020,25021.48286,,,,,,,25207.57883,25131.97734,25056.37586,25021.48286,24986.58987,24910.98839,24835.3869,0,0,0,0,,,745
2026-02-25T05:50:00+08:00,25020,25020.5,25012.5,25017.25,25021.09234,,,,,,,25205.67886,25130.69059,25055.70232,25021.09234,24986.48237,24911.4941,24836.50583,0,0,0,0,,,516
2026-02-25T05:55:00+08:00,25017,25022.25,25015.5,25016.25,25020.60241,,,,,,,25203.59249,25129.25277,25054.91305,25020.60241,24986.29177,24911.95205,24837.61233,0,0,0,0,,,535
2026-02-25T07:00:00+08:00,25016.25,25021,24996.75,24998,25018.455,,,,,,,25199.99076,25126.24186,25052.49295,25018.455,24984.41704,24910.66814,24836.91924,0,0,0,0,,,721
2026-02-25T07:05:00+08:00,24998.25,25004.5,24992,25002.75,25016.77747,,,,,,,25196.86155,25123.70239,25050.54323,25016.77747,24983.0117,24909.85254,24836.69338,0,0,0,0,,,408
2026-02-25T07:10:00+08:00,25003.25,25030.25,25001.75,25020,25016.72678,,,,,,,25195.57049,25122.91523,25050.25998,25016.72678,24983.19358,24910.53832,24837.88307,0,0,0,0,,,498
2026-02-25T07:15:00+08:00,25019,25028.5,25011,25014,25016.20488,,,,,,,25193.8874,25121.70387,25049.52035,25016.20488,24982.88941,24910.70589,24838.52237,0,0,0,0,,,344
2026-02-25T07:20:00+08:00,25014,25018.25,25009.25,25017.75,25016.1064,,,,,,,25192.60294,25120.90122,25049.1995,25016.1064,24983.0133,24911.31158,24839.60986,0,0,0,0,,,206
2026-02-25T07:25:00+08:00,25017.25,25024.75,25016.5,25023.5,25016.59729,,,,,,,25191.87569,25120.66884,25049.46199,25016.59729,24983.73259,24912.52574,24841.31889,0,0,0,0,,,282
2026-02-25T07:30:00+08:00,25022,25033.5,25017.25,25030.5,25017.7626,,,,,,,25191.88631,25121.14855,25050.41079,25017.7626,24985.1144,24914.37664,24843.63888,0,0,0,0,,,277
2026-02-25T07:35:00+08:00,25029.5,25035.25,25023.5,25033,25019.19247,,,,,,,25192.16914,25121.89737,25051.6256,25019.19247,24986.75935,24916.48758,24846.21581,0,0,0,0,,,245
2026-02-25T07:40:00+08:00,25033.75,25038,25030.5,25033,25020.63548,,,,,,,25192.41918,25122.63205,25052.84492,25020.63548,24988.42603,24918.63891,24848.85178,0,0,0,0,,,237
2026-02-25T07:45:00+08:00,25030,25032.25,25028.25,25030.75,25021.81796,,,,,,,25192.31922,25123.05308,25053.78695,25021.81796,24989.84897,24920.58284,24851.3167,0,0,0,0,,,69
